{
  "nodes": [
    {
      "id": "1",
      "label": "здравствуй <br> человек",
      "parents": [0]
    },
    {
      "id": "2",
      "label": "кто ты?",
      "parents": [1],
      "goTo": 4
    },
    {
      "id": "3",
      "label": "сказать <br>привет",
      "parents": [1],
      "goTo": 6
    },
    {
      "id": "4",
      "label": "я искусст<br>венный<br>разум",
      "parents": [2]
    },
    {
      "id": "5",
      "label": "что<br>ты<br>умеешь?",
      "parents": [4],
      "goTo": 7
    },
    {
      "id": "6",
      "label": "что ты<br>хочешь<br>человек?",
      "parents": [3]
    },
    {
      "id": "7",
      "label": "я умею",
      "parents": [5]
    },
    {
      "id": "8",
      "label": "создать QR",
      "parents": [6, 7],
      "iframe": "pages/qr/"
    },
    {
      "id": "9",
      "label": "создать<br>супер<br>кошелёк",
      "parents": [6, 7],
      "iframe": "pages/sw/"
    },
    {
      "id": "13",
      "label": "продукты<br>variant.name",
      "parents": [6, 7],
      "iframe": "pages/p/"
    },
    {
      "id": "10",
      "label": "как<br>твоё<br>имя?",
      "parents": [4],
      "goTo": 11
    },
    {
      "id": "11",
      "label": "моё<br>имя<br>variant",
      "parents": [10]
    },
    {
      "id": "12",
      "label": "сказать <br>привет",
      "parents": [11],
      "goTo": 6
    }
  ]
}

