{
  "nodes": [
    {
      "id": "1",
      "label": "здравствуй <br>человек",
      "parents": [0]
    },
    {
      "id": "2",
      "label": "кто ты?",
      "parents": [1],
      "goTo": 4,
      "order": 1
    },
    {
      "id": "3",
      "label": "<div class='icon icon-heart'><img src='img/icons/heart.png'></div>сказать <br>привет",
      "parents": [1],
      "goTo": 12
    },
    {
      "id": "4",
      "label": "я искусст<br>венный <br>разум",
      "parents": [2]
    },
    {
      "id": "5",
      "label": "что ты <br>можешь?",
      "parents": [4],
      "goTo": 9
    },
    {
      "id": "6",
      "label": "как твоё <br>имя?",
      "parents": [4],
      "goTo": 7
    },
    {
      "id": "7",
      "label": "моё имя <br>variant",
      "parents": [6]
    },
    {
      "id": "8",
      "label": "сказать <br>привет",
      "parents": [7],
      "goTo": 9
    },
    {
      "id": "9",
      "label": "я могу <br>найти",
      "parents": [8]
    },
    {
      "id": "10",
      "label": "надёжного <br>инвестора",
      "parents": [9],
      "goTo": 15
    },
    {
      "id": "11",
      "label": "надёжный <br>инвест <br>проект",
      "parents": [9],
      "goTo": 25
    },
    {
      "id": "12",
      "label": "что ты <br>хочешь <br>человек?",
      "parents": [11]
    },
    {
      "id": "13",
      "label": "найти <br>надёжного <br>инвестора",
      "parents": [12],
      "goTo": 15
    },
    {
      "id": "14",
      "label": "инвестировать <br>в надёжный <br>проект",
      "parents": [12],
      "goTo": 25
    },
    {
      "id": "15",
      "label": "у тебя <br>есть <br>проект<br>или идея?",
      "parents": [10]
    },
    {
      "id": "17",
      "label": "нет",
      "parents": [15],
      "goTo": 12
    },
    {
      "id": "18",
      "label": "да",
      "parents": [15],
      "goTo": 19
    },
    {
      "id": "19",
      "label": "сначала <br>твой <br>проект <br>нужно <br>проверить",
      "parents": [18]
    },
    {
      "id": "20",
      "label": "отправить <br>проект <br>на проверку",
      "parents": [19],
      "iframe": "/pages/circles/innovator/spheres/invest/send-project/"
    },
    {
      "id": "21",
      "label": "кто его<br>проверит?",
      "parents": [19],
      "goTo": 22
    },
    {
      "id": "22",
      "label": "эксперты <br>бизнес <br>сообщества <br>«Инноватор»",
      "parents": [21]
    },
    {
      "id": "23",
      "label": "кто эти <br>эксперты?",
      "parents": [22],
      "iframe": "/pages/circles/innovator/"
    },
    {
      "id": "24",
      "label": "какое <br>сообщество?",
      "parents": [22],
      "goTo": 32
    },
    {
      "id": "25",
      "label": "сначала <br>эксперты <br>должны<br> узнать <br>о тебе",
      "parents": [11]
    },
    {
      "id": "26",
      "label": "кто эти <br>эксперты?",
      "parents": [25],
      "iframe": "/pages/circles/innovator/"
    },
    {
      "id": "27",
      "label": "рассказать<br> о себе",
      "parents": [25],
      "iframe": "/pages/circles/innovator/spheres/invest/invite/"
    },
    {
      "id": "28",
      "label": "зачем<br> рассказывать?",
      "parents": [25],
      "goTo": 29
    },
    {
      "id": "29",
      "label": "чтобы они<br> убедились<br>что ты <br>настоящий",
      "parents": [28]
    },
    {
      "id": "31",
      "label": "кто эти <br>эксперты?",
      "parents": [29],
      "iframe": "/modules/circles/source/innovator/"
    },
    {
      "id": "30",
      "label": "рассказать<br> о себе",
      "parents": [29],
      "iframe": "/pages/circles/source/innovator/spheres/invest/invite/"
    },
    {
      "id": "32",
      "label": "<div class='live-card'><div class='live-avatar'><img src='modules/circles/source/innovator/content/img/live-avatar-innovator.png'></div><div class='live-name'>Innovator</div><div class='live-sphere'>бизнес <br>сообщество</div></div>",     
      "parents": [24]
    },
    {
      "id": "33",
      "label": "кто мы",
      "parents": [32],
      "iframe": "/modules/circles/source/innovator/"
    },
    {
      "id": "34",
      "label": "что мы <br>умеем",
      "parents": [32],
      "iframe": "/pages/circles/source/innovator/spheres/invest/invite/"
    },
    {
      "id": "35",
      "label": "что нам <br>интересно",
      "parents": [32],
      "iframe": "/pages/circles/innovator/spheres/invest/invite/"
    }
  ]
}

