{
  "nodes": [
    {
      "id": "1",
      "label": "здравствуй <br>человек",
      "parents": [0]
    },
    {
      "id": "2",
      "label": "кто ты?",
      "parents": [1],
      "goTo": 4
    },
    {
      "id": "3",
      "label": "<div class='icon icon-heart'><img src='img/icons/heart.png'></div>сказать <br>привет",
      "parents": [1],
      "goTo": 9
    },
    {
      "id": "4",
      "label": "я искусст<br>венный <br>разум",
      "parents": [2]
    },
    {
      "id": "5",
      "label": "что ты <br>можешь?",
      "parents": [4],
      "goTo": 9
    },
    {
      "id": "6",
      "label": "как твоё <br>имя?",
      "parents": [4],
      "goTo": 7
    },
    {
      "id": "7",
      "label": "моё имя <br>variant",
      "parents": [6]
    },
    {
      "id": "8",
      "label": "сказать <br>привет",
      "parents": [7],
      "goTo": 9
    },
    {
      "id": "9",
      "label": "я могу <br>найти",
      "parents": [8]
    },
    {
      "id": "10",
      "label": "классного <br>человека",
      "parents": [9],
      "goTo": 15
    },
    {
      "id": "11",
      "label": "классный <br>продукт",
      "parents": [9],
      "goTo": 12
    },
    {
      "id": "12",
      "label": "какой <br>продукт <br>ты ищешь <br>человек?",
      "parents": [11]
    },
    {
      "id": "13",
      "label": "найди",
      "parents": [12],
      "iframe": "/pages/s/"
    },
    {
      "id": "14",
      "label": "покажи",
      "parents": [12],
      "iframe": "/pages/p/"
    },
    {
      "id": "15",
      "label": "классный<br>человек",
      "parents": [10]
    },
    {
      "id": "16",
      "label": "кто он?",
      "parents": [15],
      "iframe": "/pages/who/"
    },
    {
      "id": "17",
      "label": "что он <br>умеет?",
      "parents": [15],
      "iframe": "/pages/what/"
    },
    {
      "id": "18",
      "label": "что ему <br>интересно?",
      "parents": [15],
      "iframe": "/pages/interest/"
    }
  ]
}

