{
  "nodes": [
    {
      "id": "1",
      "label": "<div class='live-card'><div class='live-avatar'><img src='img/live-avatar.png'></div><div class='live-name'>Алексей</div></div>",     
      "parents": [0]
    },
    {
      "id": "2",
      "label": "кто я",
      "parents": [1],
      "goTo": 4
    },
    {
      "id": "3",
      "label": "что я<br>умею",
      "parents": [1]
    },
    {
      "id": "4",
      "label": "не важно <br>кто я, <br>важно <br>что я <br>умею",
      "parents": [2]
    },
    {
      "id": "6",
      "label": "<div class='icon icon-heart'><img src='img/icons/heart.png'></div>лайк",
      "parents": [4],
      "goTo": 3
    },
    {
      "id": "5",
      "label": "<div class='icon icon-heart'><img src='img/icons/thumb_down.png'></div>диз",
      "parents": [4],
      "goTo": 3
    },
    {
      "id": "7",
      "label": "ещё",
      "parents": [3],
      "iframe": "pages/more/"
    },
    {
      "id": "8",
      "label": "создавать <br>продукты",
      "parents": [3],
      "goTo": 3
    },
    {
      "id": "9",
      "label": "продавать <br>на маркет <br>плейсах",
      "parents": [3],
      "goTo": 3
    }
  ]
}

