{
  "nodes": [
    {
      "id": "1",
      "label": "здравствуй <br>человек",
      "parents": [0]
    },
    {
      "id": "2",
      "label": "кто ты?",
      "parents": [1],
      "goTo": 4
    },
    {
      "id": "3",
      "label": "сказать <br>привет",
      "parents": [1],
      "goTo": 6
    },
    {
      "id": "4",
      "label": "я искусст<br>венный <br>разум",
      "parents": [2]
    },
    {
      "id": "5",
      "label": "что ты <br>можешь?",
      "parents": [4],
      "goTo": 7
    },
    {
      "id": "6",
      "label": "что ты <br>хочешь <br>человек?",
      "parents": [3]
    },
    {
      "id": "7",
      "label": "я могу <br>помочь",
      "parents": [5]
    },
    {
      "id": "8",
      "label": "увеличить <br>продажи",
      "parents": [6, 7],
      "iframe": "pages/qr/"
    },
    {
      "id": "9",
      "label": "получить <br>совет",
      "parents": [6],
      "iframe": "pages/qr/"
    },
    {
      "id": "13",
      "label": "ещё",
      "parents": [6, 7]
    },
    {
      "id": "14",
      "label": "дать <br>совет",
      "parents": [7]
    },
    {
      "id": "10",
      "label": "как твоё <br>имя?",
      "parents": [4],
      "goTo": 11
    },
    {
      "id": "11",
      "label": "моё имя <br>variant",
      "parents": [10]
    },
    {
      "id": "12",
      "label": "сказать <br>привет",
      "parents": [11],
      "goTo": 6
    }
  ]
}

