{
  "nodes": [
    {
      "id": "1",
      "label": "кто ты <br>человек?",
      "parents": [0]
    },
    {
      "id": "2",
      "label": "фрилансер",
      "parents": [1],
      "goTo": 5
    },
    {
      "id": "3",
      "label": "предприниматель",
      "parents": [1],
      "goTo": 10
    },
    {
      "id": "4",
      "label": "другое",
      "parents": [1],
      "goTo": 13
    },
    {
      "id": "5",
      "label": "как давно <br>ты на <br>фрилансе?",
      "parents": [2]
    },
    {
      "id": "6",
      "label": "только <br>начинаю",
      "parents": [5],
      "goTo": 8
    },
    {
      "id": "7",
      "label": "уже <br>работаю",
      "parents": [5],
      "goTo": 8
    },
    {
      "id": "8",
      "label": "в какой нише <br>и какая у тебя<br> специализаця?",
      "parents": [6,7,11,12,14,15]
    },
    {
      "id": "9",
      "label": "сказать",
      "parents": [8],
      "goTo": 16
    },
    {
      "id": "10",
      "label": "как давно ты <br>в бизнесе?",
      "parents": [2]
    },
    {
      "id": "11",
      "label": "только <br>начинаю",
      "parents": [10],
      "goTo": 8
    },
    {
      "id": "12",
      "label": "давно <br>работаю",
      "parents": [10],
      "goTo": 8
    },
    {
      "id": "13",
      "label": "как давно <br>ты этим <br>занимаешься?",
      "parents": [4]
    },
    {
      "id": "14",
      "label": "только <br>начинаю",
      "parents": [13],
      "goTo": 8
    },
    {
      "id": "15",
      "label": "давно <br>занимаюсь",
      "parents": [13],
      "goTo": 8
    },
    {
      "id": "16",
      "label": "сколько <br>ты сейчас<br> зараба<br>тываешь?",
      "parents": [9]
    },
    {
      "id": "17",
      "label": "до <br> 50 000 ₽",
      "parents": [16],
      "goTo": 20
    },
    {
      "id": "18",
      "label": "до <br>150 000 ₽",
      "parents": [16],
      "goTo": 20
    },
    {
      "id": "19",
      "label": "больше <br> 200 000 ₽",
      "parents": [16],
      "goTo": 20
    },
    {
      "id": "20",
      "label": "сколько ты <br>хочешь<br> зарабатывать<br> в ближайшие<br>3 месяца?",
      "parents": [17,18,19]
    }, 
    {
      "id": "21",
      "label": "до <br> 100 000 ₽",
      "parents": [20],
      "goTo": 24
    },
    {
      "id": "22",
      "label": "до <br>300 000 ₽",
      "parents": [20],
      "goTo": 24
    },
    {
      "id": "23",
      "label": "больше <br> 1 000 000 ₽",
      "parents": [20],
      "goTo": 24
    },
    {
      "id": "24",
      "label": "почему <br>у тебя это <br> может не <br>получиться?",
      "parents": [21,22,23]
    },
    {
      "id": "25",
      "label": "конкуренция",
      "parents": [24],
      "goTo": 28
    },
    {
      "id": "26",
      "label": "нет клиентов",
      "parents": [24],
      "goTo": 28
    },
    {
      "id": "27",
      "label": "мало опыта",
      "parents": [24],
      "goTo": 28
    },
    {
      "id": "28",
      "label": "верь в себя<br>человек всё <br>получится",
      "parents": [25,26,27]
    },
    {
      "id": "29",
      "label": "кто ты?",
      "parents": [28]
    },
    {
      "id": "30",
      "label": "как ты мне<br> поможешь?",
      "parents": [28],
      "goTo" : 32
    },
    {
      "id": "31",
      "label": "что ты<br> умеешь?",
      "parents": [28],
      "goTo" : 32
    },
    {
      "id": "32",
      "label": "меня создали<br>для твоей <br>пользы",
      "parents": [31]
    },
    {
      "id": "33",
      "label": "лайк",
      "parents": [32],
      "goTo" : 35
    },
    {
      "id": "34",
      "label": "диз",
      "parents": [32],
      "goTo" : 35
    },
    {
      "id": "35",
      "label": "предложить <br>тебе курс<br>обучения",
      "parents": [28]
    },
    {
      "id": "36",
      "label": "лайк",
      "parents": [35]
    },
    {
      "id": "37",
      "label": "диз",
      "parents": [35]
    } 
  ]
}

