{
  "nodes": [
    {
      "id": "1",
      "label": "здравствуй <br>человек",
      "parents": [0]
    },
    {
      "id": "2",
      "label": "кто ты?",
      "parents": [1],
      "goTo": 4,
      "order": 1
    },
    {
      "id": "3",
      "label": "<div class='icon icon-heart'><img src='img/icons/heart.png'></div>сказать <br>привет",
      "parents": [1],
      "goTo": 12
    },
    {
      "id": "4",
      "label": "я искусст<br>венный <br>разум",
      "parents": [2]
    },
    {
      "id": "5",
      "label": "что ты <br>умеешь?",
      "parents": [4],
      "goTo": 12
    },
    {
      "id": "6",
      "label": "как твоё <br>имя?",
      "parents": [4],
      "goTo": 7
    },
    {
      "id": "7",
      "label": "моё имя <br>variant",
      "parents": [6]
    },
    {
      "id": "8",
      "label": "сказать <br>привет",
      "parents": [7],
      "goTo": 12
    },
    {
      "id": "12",
      "label": "что тебе<br>интересно <br>человек?",
      "parents": [8]
    },
    {
      "id": "36",
      "label": "предложи <br>тему",
      "parents": [12]
    },
    {
      "id": "37",
      "label": "выбрать <br>тему",
      "parents": [12],
      "goTo": 38
    },
    {
      "id": "38",
      "label": "выбери <br>тему<br>человек",
      "parents": [37]
    },
    {
      "id": "41",
      "label": "SMM <br>продвижение",
      "parents": [38]
    },
    {
      "id": "40",
      "label": "инвестиции",
      "parents": [38],
      "goTo": 42
    },
    {
      "id": "39",
      "label": "продвижение <br>на маркет<br>плейсах",
      "parents": [38]
    },
    {
      "id": "42",
      "label": "что ты <br>хочешь <br>человек?",
      "parents": [40]
    },
    {
      "id": "13",
      "label": "найти <br>надёжного <br>инвестора",
      "parents": [42],
      "goTo": 15
    },
    {
      "id": "14",
      "label": "инвестировать <br>в надёжный <br>проект",
      "parents": [42],
      "goTo": 25
    },
    {
      "id": "15",
      "label": "у тебя <br>есть <br>проект<br>или идея?",
      "parents": [13]
    },
    {
      "id": "17",
      "label": "нет",
      "parents": [15],
      "goTo": 12
    },
    {
      "id": "18",
      "label": "да",
      "parents": [15],
      "goTo": 19
    },
    {
      "id": "19",
      "label": "сначала <br>твой <br>проект <br>нужно <br>проверить",
      "parents": [18]
    },
    {
      "id": "20",
      "label": "отправить <br>проект <br>на проверку",
      "parents": [19],
      "iframe": "/pages/circles/innovator/spheres/invest/send-project/"
    },
    {
      "id": "21",
      "label": "кто его<br>проверит?",
      "parents": [19],
      "goTo": 22
    },
    {
      "id": "22",
      "label": "эксперты <br>бизнес <br>сообщества <br>Innovator",
      "parents": [21]
    },
    {
      "id": "23",
      "label": "покажи <br>экспертов",
      "parents": [22,43],
      "goTo": 45
    },
    {
      "id": "24",
      "label": "покажи<br> сообщество",
      "parents": [22],
      "goTo": 32
    },
    {
      "id": "25",
      "label": "для начала <br>расскажи<br>о себе",
      "parents": [14]
    },
    {
      "id": "26",
      "label": "кому <br>рассказать?",
      "parents": [25],
      "goTo": 43
    },
    {
      "id": "43",
      "label": "экспертам <br>бизнес <br>сообщества <br>Innovator",
      "parents": [26]
    },
    {
      "id": "27",
      "label": "рассказать<br> о себе",
      "parents": [25,43],
      "iframe": "/pages/circles/innovator/spheres/invest/invite/"
    },
    {
      "id": "44",
      "label": "покажи<br> сообщество",
      "parents": [43],
      "goTo": 32
    },
    {
      "id": "28",
      "label": "зачем<br> рассказывать?",
      "parents": [25],
      "goTo": 29
    },
    {
      "id": "29",
      "label": "чтобы <br>эксперты<br> убедились<br>что ты <br> надёжный<br> инвестор",
      "parents": [28]
    },
    {
      "id": "31",
      "label": "кто эти <br>эксперты?",
      "parents": [29],
      "goTo": 45
    },
    {
      "id": "30",
      "label": "рассказать<br> о себе",
      "parents": [29],
      "iframe": "/pages/circles/source/innovator/spheres/invest/invite/"
    },
    {
      "id": "32",
      "label": "<div class='live-card'><div class='live-avatar'><img src='modules/circles/db/innovator/content/img/live-avatar-innovator.png'></div><div class='live-name'>Innovator</div><div class='live-sphere'>бизнес <br>сообщество</div></div>",     
      "parents": [24]
    },
    {
      "id": "33",
      "label": "эксперты <br>сообщества",
      "parents": [32],
      "goTo": 45
    },
    {
      "id": "34",
      "label": "что мы <br>умеем",
      "parents": [32],
      "iframe": "/pages/circles/source/innovator/spheres/invest/invite/"
    },
    {
      "id": "35",
      "label": "что нам <br>интересно",
      "parents": [32],
      "iframe": "/pages/circles/innovator/spheres/invest/invite/"
    },
    {
      "id": "45",
      "label": "<div class='live-card'><div class='live-avatar'><img src='modules/circles/db/innovator/content/img/live-avatar-innovator.png'></div><div class='live-name'>Innovator</div><div class='live-sphere'>бизнес <br>сообщество</div></div>",     
      "parents": [33]
    },
    {
      "id": "46",
      "label": "<div class='live-card'><div class='live-avatar'><img src='modules/circles/db/innovator/content/img/live-avatar-aa.png'></div><div class='live-name'>Артур</div><div class='live-sphere'>основатель</div></div>",     
      "parents": [45]
    },
    {
      "id": "47",
      "label": "<div class='live-card'><div class='live-avatar'><img src='modules/circles/db/innovator/content/img/live-avatar-as.png'></div><div class='live-name'>Артур</div><div class='live-sphere'>основатель</div></div>",     
      "parents": [45]
    },
    {
      "id": "48",
      "label": "кто я",
      "parents": [46],
      "iframe": "/pages/circles/innovator/spheres/invest/invite/"
    },
    {
      "id": "49",
      "label": "что я <br>сделал",
      "parents": [46],
      "iframe": "/pages/circles/innovator/spheres/invest/invite/"
    },
    {
      "id": "50",
      "label": "контакты",
      "parents": [46],
      "iframe": "/pages/circles/innovator/spheres/invest/invite/"
    }
  ]
}

