{
  "nodes": [
    {
      "id": "1",
      "label": "здравствуй<br>человек",
      "parents": [0]
    },
    {
      "id": "39",
      "label": "кто<br>ты?",
      "parents": [1],
      "goTo": 41
    },
    {
      "id": "40",
      "label": "<div class='icon icon-heart'><img src='img/icons/heart.png'></div>сказать <br>привет",
      "parents": [1],
      "goTo": 62
    },
    {
      "id": "41",
      "label": "я искусст<br>венный <br>разум",
      "parents": [40]
    },
    {
      "id": "42",
      "label": "что ты <br>умеешь?",
      "parents": [41],
      "goTo": 43
    },
    {
      "id": "43",
      "label": "я создан <br>чтобы дать<br>тебе пользу",
      "parents": [42]
    },
    {
      "id": "57",
      "label": "<div class='icon icon-heart'><img src='img/icons/thumb-up.png'></div>лайк",
      "parents": [43],
      "goTo": 62
    },
    {
      "id": "58",
      "label": "<div class='icon icon-heart'><img src='img/icons/thumb-down.png'></div>диз",
      "parents": [43],
      "goTo": 62
    },
    {
      "id": "56",
      "label": "как твоё <br>имя?",
      "parents": [41],
      "goTo": 44
    },
    {
      "id": "62",
      "label": "что ты<br>хочешь <br>человек?",
      "parents": [40,57,58]
    },
    {
      "id": "63",
      "label": "найти<br>полезного<br>человека",
      "parents": [62],
      "goTo": 74
    },
    {
      "id": "64",
      "label": "найти<br>полезный<br>вариант",
      "parents": [62],
      "goTo": 65
    },
    {
      "id": "65",
      "label": "что тебе <br>интересно <br>человек?",
      "parents": [64]
    },
    {
      "id": "66",
      "label": "бизнес <br>на маркет<br>плейсах",
      "parents": [65],
      "goTo": 44
    },
    {
      "id": "67",
      "label": "создание <br>продукта",
      "parents": [65],
      "goTo": 44
    },
    {
      "id": "68",
      "label": "инвестиции",
      "parents": [65],
      "goTo": 44
    },
    {
      "id": "44",
      "label": "моё имя <br>variant",
      "parents": [56]
    },
    {
      "id": "45",
      "label": "сказать <br>привет",
      "parents": [44],
      "goTo": 62
    },
    {
      "id": "55",
      "label": "что ты <br>умеешь?",
      "parents": [44],
      "goTo": 43
    },
    {
      "id": "46",
      "label": "меркет <br>плейсы <br>классная <br>штука",
      "parents": [40,45]
    },
    {
      "id": "47",
      "label": "<div class='icon icon-heart'><img src='img/icons/thumb-up.png'></div>лайк",
      "parents": [46],
      "goTo": 49
    },
    {
      "id": "48",
      "label": "<div class='icon icon-heart'><img src='img/icons/thumb-down.png'></div>диз",
      "parents": [46],
      "goTo": 49
    },
    {
      "id": "49",
      "label": "ты уже <br>продаёшь <br>на маркет <br>плейсах?",
      "parents": [47,48]
    },
    {
      "id": "50",
      "label": "да",
      "parents": [49],
      "goTo": 70
    },
    {
      "id": "51",
      "label": "нет",
      "parents": [49],
      "goTo": 52
    },
    {
      "id": "52",
      "label": "хочешь <br>продавать <br>на маркет <br>плейсах?",
      "parents": [51]
    },
    {
      "id": "53",
      "label": "да",
      "parents": [52],
      "goTo": 38
    },
    {
      "id": "54",
      "label": "нет",
      "parents": [52],
      "goTo": 38
    },
    {
      "id": "38",
      "label": "кто ты <br>человек?",
      "parents": [39]
    },
    {
      "id": "2",
      "label": "производитель",
      "parents": [38],
      "goTo": 70
    },
    {
      "id": "3",
      "label": "продавец",
      "parents": [38],
      "goTo": 70
    },
    {
      "id": "73",
      "label": "другой <br>вариант",
      "parents": [38],
      "goTo": 70
    },
    {
      "id": "70",
      "label": "как давно <br>ты на маркет<br>плейсах?",
      "parents": [2,3,73]
    },
    {
      "id": "71",
      "label": "давно",
      "parents": [70],
      "goTo": 38
    },
    {
      "id": "72",
      "label": "недавно",
      "parents": [70],
      "goTo": 38
    },
    {
      "id": "73 ",
      "label": "недавно",
      "parents": [70],
      "goTo": 38
    },
    {
      "id": "74",
      "label": "что тебе <br>интересно <br>человек?",
      "parents": [63]
    },
    {
      "id": "75",
      "label": "бизнес <br>на маркет<br>плейсах",
      "parents": [74],
      "goTo": 78
    },
    {
      "id": "76",
      "label": "создание <br>продукта",
      "parents": [74],
      "goTo": 78
    },
    {
      "id": "77",
      "label": "инвестиции",
      "parents": [74],
      "goTo": 78
    },
    {
      "id": "78",
      "label": "<div class='live-card'><div class='live-avatar'><img src='modules/circles/source/innovator/content/img/live-avatar-innovator.png'></div><div class='live-name'>Алексей</div></div>",     
      "parents": [75,76,77]
    },
    {
      "id": "79",
      "label": "что я<br>умею",
      "parents": [78]
    },
    {
      "id": "80",
      "label": "кто я",
      "parents": [78],
      "goTo": 4
    }

  ]
}

